,Asset_A,Asset_B,Asset_C,Asset_D
Asset_A,1.0,0.6252457368099057,0.8625455937012241,0.8854118631268727
Asset_B,0.6252457368099057,1.0,0.6059068883878999,0.6008074088268196
Asset_C,0.8625455937012241,0.6059068883878999,1.0,0.8974897929385874
Asset_D,0.8854118631268727,0.6008074088268196,0.8974897929385874,1.0
