Method,RMSE,MAE,MAPE (%)
Naive,0.8219529643044292,0.8002961758979963,216.96687927633985
Moving Average,0.7783615929319601,0.7554561952752101,205.64623407331703
Exponential Smoothing,0.6829722022287166,0.6567482947410378,180.72568091601272
Linear Regression,2.142617528712149,2.0875949637461217,529.8266079478514
Random Forest Ensemble,1.1052770376310785,1.0449065580580437,263.78223579706037
