Actual,Naive_Predictions,Moving Average_Predictions,Exponential Smoothing_Predictions,Linear Regression_Predictions,Random Forest Ensemble_Predictions
-0.2855668726421512,-1.255475149156775,-1.210635168533989,-1.1119272679998167,-1.7375019149943196,-0.9344542572290662
-0.8022014319916518,-1.255475149156775,-1.210635168533989,-1.1119272679998167,-2.469105523764705,-1.4126676802948421
-0.2953146945166682,-1.255475149156775,-1.210635168533989,-1.1119272679998167,-2.887759336231348,-1.4053674870666228
-0.4269102898226708,-1.255475149156775,-1.210635168533989,-1.1119272679998167,-2.4937837000028438,-1.798027526866127
-0.4659015773207523,-1.255475149156775,-1.210635168533989,-1.1119272679998167,-3.1257192100312863,-1.9499107051274547
