,Mean Return,Std Dev,Min Return,Max Return,Cumulative Return
Asset_A_Return,-0.0008166666666666666,0.008373335871872596,-0.016,0.0212,-0.02020666903299506
Asset_B_Return,0.0012166666666666665,0.008787227225856889,-0.0134,0.019,0.028703187705023225
Asset_C_Return,-0.0002541666666666666,0.007908607263012858,-0.0123,0.0131,-0.006797126310405188
Asset_D_Return,-0.0005541666666666666,0.009877157625229192,-0.018,0.0229,-0.014321358301767284
